voice_id,display_name,language,locale,accent_or_variant,gender,description,sample_text,wav_path,sample_rate_hz,channels,bit_depth,duration_sec,sha256,source,source_engine,source_note,original_duration_sec,conditioning_note
af_alloy,Alloy,English,en-US,American English,female,American English female Kokoro voice.,This is a sample of the Kokoro voice. Choose the voice that fits your story.,American_English/Alloy__af_alloy.wav,24000,1,16,9.865,681c7c7dee45dd60310254c7c959692cb21db41af1e333a2e9c941bdcb47b51f,digitaldrywood/ghostreel Kokoro voice gallery,Kokoro-82M via kokoro-onnx,"Gallery sample generated as WAV by Kokoro, published as mono 64 kbps MP3, then transcoded here to 24 kHz mono PCM16 WAV. No denoising, EQ, pitch shift, or speed change applied.",4.843,"Extended for Chatterbox Turbo by repeating the original Kokoro sample with a 180 ms silent gap between passes. Final prompt is at least 8 seconds, safely above Turbo's >5 second requirement."
af_aoede,Aoede,English,en-US,American English,female,American English female Kokoro voice.,This is a sample of the Kokoro voice. Choose the voice that fits your story.,American_English/Aoede__af_aoede.wav,24000,1,16,8.543,162c3f2074caf32df8af6fd7906072f3d3bbaa63787795ba2af2e14d65730577,digitaldrywood/ghostreel Kokoro voice gallery,Kokoro-82M via kokoro-onnx,"Gallery sample generated as WAV by Kokoro, published as mono 64 kbps MP3, then transcoded here to 24 kHz mono PCM16 WAV. No denoising, EQ, pitch shift, or speed change applied.",4.181,"Extended for Chatterbox Turbo by repeating the original Kokoro sample with a 180 ms silent gap between passes. Final prompt is at least 8 seconds, safely above Turbo's >5 second requirement."
af_bella,Bella,English,en-US,American English,female,American English female Kokoro voice.,This is a sample of the Kokoro voice. Choose the voice that fits your story.,American_English/Bella__af_bella.wav,24000,1,16,8.756,0599616ee0ed06f6669ac48ffe847820cb1db5dbf379c3e87891f619dd2286eb,digitaldrywood/ghostreel Kokoro voice gallery,Kokoro-82M via kokoro-onnx,"Gallery sample generated as WAV by Kokoro, published as mono 64 kbps MP3, then transcoded here to 24 kHz mono PCM16 WAV. No denoising, EQ, pitch shift, or speed change applied.",4.288,"Extended for Chatterbox Turbo by repeating the original Kokoro sample with a 180 ms silent gap between passes. Final prompt is at least 8 seconds, safely above Turbo's >5 second requirement."
af_heart,Heart,English,en-US,American English,female,American English female Kokoro voice.,This is a sample of the Kokoro voice. Choose the voice that fits your story.,American_English/Heart__af_heart.wav,24000,1,16,8.628,5de547e83deae75e7304ef2d4af62c9c6477d8f3fd4425f3fa7dbaf06adc90e9,digitaldrywood/ghostreel Kokoro voice gallery,Kokoro-82M via kokoro-onnx,"Gallery sample generated as WAV by Kokoro, published as mono 64 kbps MP3, then transcoded here to 24 kHz mono PCM16 WAV. No denoising, EQ, pitch shift, or speed change applied.",4.224,"Extended for Chatterbox Turbo by repeating the original Kokoro sample with a 180 ms silent gap between passes. Final prompt is at least 8 seconds, safely above Turbo's >5 second requirement."
af_jessica,Jessica,English,en-US,American English,female,American English female Kokoro voice.,This is a sample of the Kokoro voice. Choose the voice that fits your story.,American_English/Jessica__af_jessica.wav,24000,1,16,8.073,3f9b06204cbb25670d1ec136730c450781f9a698becb2f99c9517905a7a3134a,digitaldrywood/ghostreel Kokoro voice gallery,Kokoro-82M via kokoro-onnx,"Gallery sample generated as WAV by Kokoro, published as mono 64 kbps MP3, then transcoded here to 24 kHz mono PCM16 WAV. No denoising, EQ, pitch shift, or speed change applied.",3.947,"Extended for Chatterbox Turbo by repeating the original Kokoro sample with a 180 ms silent gap between passes. Final prompt is at least 8 seconds, safely above Turbo's >5 second requirement."
af_kore,Kore,English,en-US,American English,female,American English female Kokoro voice.,This is a sample of the Kokoro voice. Choose the voice that fits your story.,American_English/Kore__af_kore.wav,24000,1,16,9.567,e1a1ba058ba0f75b0a37eec39557484fedb07b2aee04051d27577244e492fbca,digitaldrywood/ghostreel Kokoro voice gallery,Kokoro-82M via kokoro-onnx,"Gallery sample generated as WAV by Kokoro, published as mono 64 kbps MP3, then transcoded here to 24 kHz mono PCM16 WAV. No denoising, EQ, pitch shift, or speed change applied.",4.693,"Extended for Chatterbox Turbo by repeating the original Kokoro sample with a 180 ms silent gap between passes. Final prompt is at least 8 seconds, safely above Turbo's >5 second requirement."
af_nicole,Nicole,English,en-US,American English,female,American English female Kokoro voice.,This is a sample of the Kokoro voice. Choose the voice that fits your story.,American_English/Nicole__af_nicole.wav,24000,1,16,13.193,db3849e89e4125e10ada51d91b59849508323d880c05ea5b441ae17ff00c93f3,digitaldrywood/ghostreel Kokoro voice gallery,Kokoro-82M via kokoro-onnx,"Gallery sample generated as WAV by Kokoro, published as mono 64 kbps MP3, then transcoded here to 24 kHz mono PCM16 WAV. No denoising, EQ, pitch shift, or speed change applied.",6.507,"Extended for Chatterbox Turbo by repeating the original Kokoro sample with a 180 ms silent gap between passes. Final prompt is at least 8 seconds, safely above Turbo's >5 second requirement."
af_nova,Nova,English,en-US,American English,female,American English female Kokoro voice.,This is a sample of the Kokoro voice. Choose the voice that fits your story.,American_English/Nova__af_nova.wav,24000,1,16,9.524,2a756c160738dbbb0fc4ffb1fb0feec564b42983cbe5017e4f0b6f5523f1906d,digitaldrywood/ghostreel Kokoro voice gallery,Kokoro-82M via kokoro-onnx,"Gallery sample generated as WAV by Kokoro, published as mono 64 kbps MP3, then transcoded here to 24 kHz mono PCM16 WAV. No denoising, EQ, pitch shift, or speed change applied.",4.672,"Extended for Chatterbox Turbo by repeating the original Kokoro sample with a 180 ms silent gap between passes. Final prompt is at least 8 seconds, safely above Turbo's >5 second requirement."
af_river,River,English,en-US,American English,female,American English female Kokoro voice.,This is a sample of the Kokoro voice. Choose the voice that fits your story.,American_English/River__af_river.wav,24000,1,16,8.457,27db9fd3d50ee7b2a399d851954630640d68d9fd54246de34124eac4f979aeb7,digitaldrywood/ghostreel Kokoro voice gallery,Kokoro-82M via kokoro-onnx,"Gallery sample generated as WAV by Kokoro, published as mono 64 kbps MP3, then transcoded here to 24 kHz mono PCM16 WAV. No denoising, EQ, pitch shift, or speed change applied.",4.139,"Extended for Chatterbox Turbo by repeating the original Kokoro sample with a 180 ms silent gap between passes. Final prompt is at least 8 seconds, safely above Turbo's >5 second requirement."
af_sarah,Sarah,English,en-US,American English,female,American English female Kokoro voice.,This is a sample of the Kokoro voice. Choose the voice that fits your story.,American_English/Sarah__af_sarah.wav,24000,1,16,8.841,6bc61859ff1363309bd079ec6ee01cb54019610d9f7282d7631fc1e6311cdf0d,digitaldrywood/ghostreel Kokoro voice gallery,Kokoro-82M via kokoro-onnx,"Gallery sample generated as WAV by Kokoro, published as mono 64 kbps MP3, then transcoded here to 24 kHz mono PCM16 WAV. No denoising, EQ, pitch shift, or speed change applied.",4.331,"Extended for Chatterbox Turbo by repeating the original Kokoro sample with a 180 ms silent gap between passes. Final prompt is at least 8 seconds, safely above Turbo's >5 second requirement."
am_adam,Adam,English,en-US,American English,male,American English male Kokoro voice.,This is a sample of the Kokoro voice. Choose the voice that fits your story.,American_English/Adam__am_adam.wav,24000,1,16,8.287,f3327ff8436b80495aa42349e58aeafb417b8f1b48f3be3d723684067df6f5b0,digitaldrywood/ghostreel Kokoro voice gallery,Kokoro-82M via kokoro-onnx,"Gallery sample generated as WAV by Kokoro, published as mono 64 kbps MP3, then transcoded here to 24 kHz mono PCM16 WAV. No denoising, EQ, pitch shift, or speed change applied.",4.053,"Extended for Chatterbox Turbo by repeating the original Kokoro sample with a 180 ms silent gap between passes. Final prompt is at least 8 seconds, safely above Turbo's >5 second requirement."
am_echo,Echo,English,en-US,American English,male,American English male Kokoro voice.,This is a sample of the Kokoro voice. Choose the voice that fits your story.,American_English/Echo__am_echo.wav,24000,1,16,9.268,c065bc10a9bcd40ad04255af9a6b75dc7be6db2e4ded24c0b6f664013c90ad78,digitaldrywood/ghostreel Kokoro voice gallery,Kokoro-82M via kokoro-onnx,"Gallery sample generated as WAV by Kokoro, published as mono 64 kbps MP3, then transcoded here to 24 kHz mono PCM16 WAV. No denoising, EQ, pitch shift, or speed change applied.",4.544,"Extended for Chatterbox Turbo by repeating the original Kokoro sample with a 180 ms silent gap between passes. Final prompt is at least 8 seconds, safely above Turbo's >5 second requirement."
am_eric,Eric,English,en-US,American English,male,American English male Kokoro voice.,This is a sample of the Kokoro voice. Choose the voice that fits your story.,American_English/Eric__am_eric.wav,24000,1,16,8.287,15b67fb64f7ecf8d45a9d086380b0b52873a70d97bbee5b656288f740d0a9e2b,digitaldrywood/ghostreel Kokoro voice gallery,Kokoro-82M via kokoro-onnx,"Gallery sample generated as WAV by Kokoro, published as mono 64 kbps MP3, then transcoded here to 24 kHz mono PCM16 WAV. No denoising, EQ, pitch shift, or speed change applied.",4.053,"Extended for Chatterbox Turbo by repeating the original Kokoro sample with a 180 ms silent gap between passes. Final prompt is at least 8 seconds, safely above Turbo's >5 second requirement."
am_fenrir,Fenrir,English,en-US,American English,male,American English male Kokoro voice.,This is a sample of the Kokoro voice. Choose the voice that fits your story.,American_English/Fenrir__am_fenrir.wav,24000,1,16,8.969,6a0423ab99d8d6a05cb8a325b0c5f682412c56512bdbb821395a51b1e7049cf5,digitaldrywood/ghostreel Kokoro voice gallery,Kokoro-82M via kokoro-onnx,"Gallery sample generated as WAV by Kokoro, published as mono 64 kbps MP3, then transcoded here to 24 kHz mono PCM16 WAV. No denoising, EQ, pitch shift, or speed change applied.",4.395,"Extended for Chatterbox Turbo by repeating the original Kokoro sample with a 180 ms silent gap between passes. Final prompt is at least 8 seconds, safely above Turbo's >5 second requirement."
am_liam,Liam,English,en-US,American English,male,American English male Kokoro voice.,This is a sample of the Kokoro voice. Choose the voice that fits your story.,American_English/Liam__am_liam.wav,24000,1,16,8.415,c48003d6de815285693ead977ca04ed617206c2c03c8bf0808eb3d9e2cc8393b,digitaldrywood/ghostreel Kokoro voice gallery,Kokoro-82M via kokoro-onnx,"Gallery sample generated as WAV by Kokoro, published as mono 64 kbps MP3, then transcoded here to 24 kHz mono PCM16 WAV. No denoising, EQ, pitch shift, or speed change applied.",4.117,"Extended for Chatterbox Turbo by repeating the original Kokoro sample with a 180 ms silent gap between passes. Final prompt is at least 8 seconds, safely above Turbo's >5 second requirement."
am_michael,Michael,English,en-US,American English,male,American English male Kokoro voice.,This is a sample of the Kokoro voice. Choose the voice that fits your story.,American_English/Michael__am_michael.wav,24000,1,16,9.737,250d93a1a2ce7995c3fa249f8bad1df028c8aa0564f0ffd42e854c9d10c66778,digitaldrywood/ghostreel Kokoro voice gallery,Kokoro-82M via kokoro-onnx,"Gallery sample generated as WAV by Kokoro, published as mono 64 kbps MP3, then transcoded here to 24 kHz mono PCM16 WAV. No denoising, EQ, pitch shift, or speed change applied.",4.779,"Extended for Chatterbox Turbo by repeating the original Kokoro sample with a 180 ms silent gap between passes. Final prompt is at least 8 seconds, safely above Turbo's >5 second requirement."
am_onyx,Onyx,English,en-US,American English,male,American English male Kokoro voice.,This is a sample of the Kokoro voice. Choose the voice that fits your story.,American_English/Onyx__am_onyx.wav,24000,1,16,9.481,50500f4570b7f90085ba3b606ea1cac3c288fcfc801817835bde49ac03d7bc28,digitaldrywood/ghostreel Kokoro voice gallery,Kokoro-82M via kokoro-onnx,"Gallery sample generated as WAV by Kokoro, published as mono 64 kbps MP3, then transcoded here to 24 kHz mono PCM16 WAV. No denoising, EQ, pitch shift, or speed change applied.",4.651,"Extended for Chatterbox Turbo by repeating the original Kokoro sample with a 180 ms silent gap between passes. Final prompt is at least 8 seconds, safely above Turbo's >5 second requirement."
am_puck,Puck,English,en-US,American English,male,American English male Kokoro voice.,This is a sample of the Kokoro voice. Choose the voice that fits your story.,American_English/Puck__am_puck.wav,24000,1,16,9.14,11f276e58a825fdd7254795b1afb10cab3cbcf72494215aec88d5fa9a37ab422,digitaldrywood/ghostreel Kokoro voice gallery,Kokoro-82M via kokoro-onnx,"Gallery sample generated as WAV by Kokoro, published as mono 64 kbps MP3, then transcoded here to 24 kHz mono PCM16 WAV. No denoising, EQ, pitch shift, or speed change applied.",4.48,"Extended for Chatterbox Turbo by repeating the original Kokoro sample with a 180 ms silent gap between passes. Final prompt is at least 8 seconds, safely above Turbo's >5 second requirement."
am_santa,Santa,English,en-US,American English,male,American English male Kokoro voice.,This is a sample of the Kokoro voice. Choose the voice that fits your story.,American_English/Santa__am_santa.wav,24000,1,16,9.951,eeca861860f7e5eeaf7f8d754954a9604355e67b500bd57e4f166b5dcaca2398,digitaldrywood/ghostreel Kokoro voice gallery,Kokoro-82M via kokoro-onnx,"Gallery sample generated as WAV by Kokoro, published as mono 64 kbps MP3, then transcoded here to 24 kHz mono PCM16 WAV. No denoising, EQ, pitch shift, or speed change applied.",4.885,"Extended for Chatterbox Turbo by repeating the original Kokoro sample with a 180 ms silent gap between passes. Final prompt is at least 8 seconds, safely above Turbo's >5 second requirement."
bf_alice,Alice,English,en-GB,British English,female,British English female Kokoro voice.,This is a sample of the Kokoro voice. Choose the voice that suits your story.,British_English/Alice__bf_alice.wav,24000,1,16,9.268,1646bf4b1c819c16c01e2f7a00005813e888f5af1e4ca466c82f945a32a003bc,digitaldrywood/ghostreel Kokoro voice gallery,Kokoro-82M via kokoro-onnx,"Gallery sample generated as WAV by Kokoro, published as mono 64 kbps MP3, then transcoded here to 24 kHz mono PCM16 WAV. No denoising, EQ, pitch shift, or speed change applied.",4.544,"Extended for Chatterbox Turbo by repeating the original Kokoro sample with a 180 ms silent gap between passes. Final prompt is at least 8 seconds, safely above Turbo's >5 second requirement."
bf_emma,Emma,English,en-GB,British English,female,British English female Kokoro voice.,This is a sample of the Kokoro voice. Choose the voice that suits your story.,British_English/Emma__bf_emma.wav,24000,1,16,8.585,5f628746da35bbde28cfbbc277188f83fc2d425b7f8176ca3a8734e2aa5489ba,digitaldrywood/ghostreel Kokoro voice gallery,Kokoro-82M via kokoro-onnx,"Gallery sample generated as WAV by Kokoro, published as mono 64 kbps MP3, then transcoded here to 24 kHz mono PCM16 WAV. No denoising, EQ, pitch shift, or speed change applied.",4.203,"Extended for Chatterbox Turbo by repeating the original Kokoro sample with a 180 ms silent gap between passes. Final prompt is at least 8 seconds, safely above Turbo's >5 second requirement."
bf_isabella,Isabella,English,en-GB,British English,female,British English female Kokoro voice.,This is a sample of the Kokoro voice. Choose the voice that suits your story.,British_English/Isabella__bf_isabella.wav,24000,1,16,8.841,2de94bdf6740b5e3ba6140b88b3ad6e1f4cf6258cf72956c2dc35b1d601b8c63,digitaldrywood/ghostreel Kokoro voice gallery,Kokoro-82M via kokoro-onnx,"Gallery sample generated as WAV by Kokoro, published as mono 64 kbps MP3, then transcoded here to 24 kHz mono PCM16 WAV. No denoising, EQ, pitch shift, or speed change applied.",4.331,"Extended for Chatterbox Turbo by repeating the original Kokoro sample with a 180 ms silent gap between passes. Final prompt is at least 8 seconds, safely above Turbo's >5 second requirement."
bf_lily,Lily,English,en-GB,British English,female,British English female Kokoro voice.,This is a sample of the Kokoro voice. Choose the voice that suits your story.,British_English/Lily__bf_lily.wav,24000,1,16,9.055,e030b31af353c12ca5ff8f2358302eb95da3a8f7d4f5c0c7be6a2d9cf0636351,digitaldrywood/ghostreel Kokoro voice gallery,Kokoro-82M via kokoro-onnx,"Gallery sample generated as WAV by Kokoro, published as mono 64 kbps MP3, then transcoded here to 24 kHz mono PCM16 WAV. No denoising, EQ, pitch shift, or speed change applied.",4.437,"Extended for Chatterbox Turbo by repeating the original Kokoro sample with a 180 ms silent gap between passes. Final prompt is at least 8 seconds, safely above Turbo's >5 second requirement."
bm_daniel,Daniel,English,en-GB,British English,male,British English male Kokoro voice.,This is a sample of the Kokoro voice. Choose the voice that suits your story.,British_English/Daniel__bm_daniel.wav,24000,1,16,8.799,e1d8c7073657f46359da46f06df2739ec20f95df34ba0578c154adb2ed5192b9,digitaldrywood/ghostreel Kokoro voice gallery,Kokoro-82M via kokoro-onnx,"Gallery sample generated as WAV by Kokoro, published as mono 64 kbps MP3, then transcoded here to 24 kHz mono PCM16 WAV. No denoising, EQ, pitch shift, or speed change applied.",4.309,"Extended for Chatterbox Turbo by repeating the original Kokoro sample with a 180 ms silent gap between passes. Final prompt is at least 8 seconds, safely above Turbo's >5 second requirement."
bm_fable,Fable,English,en-GB,British English,male,British English male Kokoro voice.,This is a sample of the Kokoro voice. Choose the voice that suits your story.,British_English/Fable__bm_fable.wav,24000,1,16,9.78,ce2a987913beeae5ad570e7544690fdc2d661bbd9098ac1b62432ab480beabed,digitaldrywood/ghostreel Kokoro voice gallery,Kokoro-82M via kokoro-onnx,"Gallery sample generated as WAV by Kokoro, published as mono 64 kbps MP3, then transcoded here to 24 kHz mono PCM16 WAV. No denoising, EQ, pitch shift, or speed change applied.",4.8,"Extended for Chatterbox Turbo by repeating the original Kokoro sample with a 180 ms silent gap between passes. Final prompt is at least 8 seconds, safely above Turbo's >5 second requirement."
bm_george,George,English,en-GB,British English,male,British English male Kokoro voice.,This is a sample of the Kokoro voice. Choose the voice that suits your story.,British_English/George__bm_george.wav,24000,1,16,10.676,096d3bc7ec519819467372ab665581394cf83c63d17dc2a940492808ba03edc2,digitaldrywood/ghostreel Kokoro voice gallery,Kokoro-82M via kokoro-onnx,"Gallery sample generated as WAV by Kokoro, published as mono 64 kbps MP3, then transcoded here to 24 kHz mono PCM16 WAV. No denoising, EQ, pitch shift, or speed change applied.",5.248,"Extended for Chatterbox Turbo by repeating the original Kokoro sample with a 180 ms silent gap between passes. Final prompt is at least 8 seconds, safely above Turbo's >5 second requirement."
bm_lewis,Lewis,English,en-GB,British English,male,British English male Kokoro voice.,This is a sample of the Kokoro voice. Choose the voice that suits your story.,British_English/Lewis__bm_lewis.wav,24000,1,16,10.036,fc5de3401de736e3159d9e000dd6698e254d966c1c67c0ecc0d89aca30ecbe37,digitaldrywood/ghostreel Kokoro voice gallery,Kokoro-82M via kokoro-onnx,"Gallery sample generated as WAV by Kokoro, published as mono 64 kbps MP3, then transcoded here to 24 kHz mono PCM16 WAV. No denoising, EQ, pitch shift, or speed change applied.",4.928,"Extended for Chatterbox Turbo by repeating the original Kokoro sample with a 180 ms silent gap between passes. Final prompt is at least 8 seconds, safely above Turbo's >5 second requirement."
ef_dora,Dora,Spanish,es,Spanish,female,Spanish female Kokoro voice.,Esta es una muestra de la voz Kokoro. Elige la voz que mejor se adapte a tu historia.,Spanish/Dora__ef_dora.wav,24000,1,16,9.481,830f032b5e6638df4d32fed9ed5ced72b1a9705d1d6b3e9c2a99dc9fdd11a9e1,digitaldrywood/ghostreel Kokoro voice gallery,Kokoro-82M via kokoro-onnx,"Gallery sample generated as WAV by Kokoro, published as mono 64 kbps MP3, then transcoded here to 24 kHz mono PCM16 WAV. No denoising, EQ, pitch shift, or speed change applied.",4.651,"Extended for Chatterbox Turbo by repeating the original Kokoro sample with a 180 ms silent gap between passes. Final prompt is at least 8 seconds, safely above Turbo's >5 second requirement."
em_alex,Alex,Spanish,es,Spanish,male,Spanish male Kokoro voice.,Esta es una muestra de la voz Kokoro. Elige la voz que mejor se adapte a tu historia.,Spanish/Alex__em_alex.wav,24000,1,16,9.695,fcba43a1aaccfe194dff08eee87a25f52b69070d6918c60617013975ec797ef3,digitaldrywood/ghostreel Kokoro voice gallery,Kokoro-82M via kokoro-onnx,"Gallery sample generated as WAV by Kokoro, published as mono 64 kbps MP3, then transcoded here to 24 kHz mono PCM16 WAV. No denoising, EQ, pitch shift, or speed change applied.",4.757,"Extended for Chatterbox Turbo by repeating the original Kokoro sample with a 180 ms silent gap between passes. Final prompt is at least 8 seconds, safely above Turbo's >5 second requirement."
em_santa,Santa,Spanish,es,Spanish,male,Spanish male Kokoro voice.,Esta es una muestra de la voz Kokoro. Elige la voz que mejor se adapte a tu historia.,Spanish/Santa__em_santa.wav,24000,1,16,9.78,8b818b9f818ad022c4669ff6d2679c6920a987274fd97d3caf99259c3a69e383,digitaldrywood/ghostreel Kokoro voice gallery,Kokoro-82M via kokoro-onnx,"Gallery sample generated as WAV by Kokoro, published as mono 64 kbps MP3, then transcoded here to 24 kHz mono PCM16 WAV. No denoising, EQ, pitch shift, or speed change applied.",4.8,"Extended for Chatterbox Turbo by repeating the original Kokoro sample with a 180 ms silent gap between passes. Final prompt is at least 8 seconds, safely above Turbo's >5 second requirement."
ff_siwis,Siwis,French,fr-FR,French,female,French female Kokoro voice.,Voici un exemple de la voix Kokoro. Choisissez la voix qui correspond à votre histoire.,French/Siwis__ff_siwis.wav,24000,1,16,10.164,6b7025d0d099f8c482322b623f4e7b930fd0a51861b5bf09cb9e04183348b7d1,digitaldrywood/ghostreel Kokoro voice gallery,Kokoro-82M via kokoro-onnx,"Gallery sample generated as WAV by Kokoro, published as mono 64 kbps MP3, then transcoded here to 24 kHz mono PCM16 WAV. No denoising, EQ, pitch shift, or speed change applied.",4.992,"Extended for Chatterbox Turbo by repeating the original Kokoro sample with a 180 ms silent gap between passes. Final prompt is at least 8 seconds, safely above Turbo's >5 second requirement."
hf_alpha,Alpha,Hindi,hi-IN,Hindi,female,Hindi female Kokoro voice.,यह कोकोरो आवाज़ का एक नमूना है। अपनी कहानी के लिए सही आवाज़ चुनें।,Hindi/Alpha__hf_alpha.wav,24000,1,16,11.06,cc83ddca01ba64a1ca88f5a8cb200d3979f6a1bf57bf5c565a107bf26e90cce2,digitaldrywood/ghostreel Kokoro voice gallery,Kokoro-82M via kokoro-onnx,"Gallery sample generated as WAV by Kokoro, published as mono 64 kbps MP3, then transcoded here to 24 kHz mono PCM16 WAV. No denoising, EQ, pitch shift, or speed change applied.",5.44,"Extended for Chatterbox Turbo by repeating the original Kokoro sample with a 180 ms silent gap between passes. Final prompt is at least 8 seconds, safely above Turbo's >5 second requirement."
hf_beta,Beta,Hindi,hi-IN,Hindi,female,Hindi female Kokoro voice.,यह कोकोरो आवाज़ का एक नमूना है। अपनी कहानी के लिए सही आवाज़ चुनें।,Hindi/Beta__hf_beta.wav,24000,1,16,9.737,849428e2bed8adf4721dc97000a4033817807d1b76372923f3502ab9f2d58a9d,digitaldrywood/ghostreel Kokoro voice gallery,Kokoro-82M via kokoro-onnx,"Gallery sample generated as WAV by Kokoro, published as mono 64 kbps MP3, then transcoded here to 24 kHz mono PCM16 WAV. No denoising, EQ, pitch shift, or speed change applied.",4.779,"Extended for Chatterbox Turbo by repeating the original Kokoro sample with a 180 ms silent gap between passes. Final prompt is at least 8 seconds, safely above Turbo's >5 second requirement."
hm_omega,Omega,Hindi,hi-IN,Hindi,male,Hindi male Kokoro voice.,यह कोकोरो आवाज़ का एक नमूना है। अपनी कहानी के लिए सही आवाज़ चुनें।,Hindi/Omega__hm_omega.wav,24000,1,16,11.401,375564d48dcf568bb63a814d877db2d71eb41ef464aec1de009d9d2a4f0aeff0,digitaldrywood/ghostreel Kokoro voice gallery,Kokoro-82M via kokoro-onnx,"Gallery sample generated as WAV by Kokoro, published as mono 64 kbps MP3, then transcoded here to 24 kHz mono PCM16 WAV. No denoising, EQ, pitch shift, or speed change applied.",5.611,"Extended for Chatterbox Turbo by repeating the original Kokoro sample with a 180 ms silent gap between passes. Final prompt is at least 8 seconds, safely above Turbo's >5 second requirement."
hm_psi,Psi,Hindi,hi-IN,Hindi,male,Hindi male Kokoro voice.,यह कोकोरो आवाज़ का एक नमूना है। अपनी कहानी के लिए सही आवाज़ चुनें।,Hindi/Psi__hm_psi.wav,24000,1,16,11.145,eb4876902446c8ead3aa9a6de720772feb898f10c19f10ee33023f11d9a76e3b,digitaldrywood/ghostreel Kokoro voice gallery,Kokoro-82M via kokoro-onnx,"Gallery sample generated as WAV by Kokoro, published as mono 64 kbps MP3, then transcoded here to 24 kHz mono PCM16 WAV. No denoising, EQ, pitch shift, or speed change applied.",5.483,"Extended for Chatterbox Turbo by repeating the original Kokoro sample with a 180 ms silent gap between passes. Final prompt is at least 8 seconds, safely above Turbo's >5 second requirement."
if_sara,Sara,Italian,it-IT,Italian,female,Italian female Kokoro voice.,Questo è un esempio della voce Kokoro. Scegli la voce più adatta alla tua storia.,Italian/Sara__if_sara.wav,24000,1,16,9.652,03690ed76bc8484d532169b7d21f18171c2d67edf19f745ac36a4bbd675e554c,digitaldrywood/ghostreel Kokoro voice gallery,Kokoro-82M via kokoro-onnx,"Gallery sample generated as WAV by Kokoro, published as mono 64 kbps MP3, then transcoded here to 24 kHz mono PCM16 WAV. No denoising, EQ, pitch shift, or speed change applied.",4.736,"Extended for Chatterbox Turbo by repeating the original Kokoro sample with a 180 ms silent gap between passes. Final prompt is at least 8 seconds, safely above Turbo's >5 second requirement."
im_nicola,Nicola,Italian,it-IT,Italian,male,Italian male Kokoro voice.,Questo è un esempio della voce Kokoro. Scegli la voce più adatta alla tua storia.,Italian/Nicola__im_nicola.wav,24000,1,16,10.719,71d2bc530d7b3fa5499784a84e595cf929c82cef869a232b52a12a687fdc6371,digitaldrywood/ghostreel Kokoro voice gallery,Kokoro-82M via kokoro-onnx,"Gallery sample generated as WAV by Kokoro, published as mono 64 kbps MP3, then transcoded here to 24 kHz mono PCM16 WAV. No denoising, EQ, pitch shift, or speed change applied.",5.269,"Extended for Chatterbox Turbo by repeating the original Kokoro sample with a 180 ms silent gap between passes. Final prompt is at least 8 seconds, safely above Turbo's >5 second requirement."
jf_alpha,Alpha,Japanese,ja-JP,Japanese,female,Japanese female Kokoro voice.,これは音声サンプルです。,Japanese/Alpha__jf_alpha.wav,24000,1,16,15.839,1b26768022ab1cc40c4045ee759f0bb2ff3a2e3fbddf16ddd6b696cc999e94ef,digitaldrywood/ghostreel Kokoro voice gallery,Kokoro-82M via kokoro-onnx,"Gallery sample generated as WAV by Kokoro, published as mono 64 kbps MP3, then transcoded here to 24 kHz mono PCM16 WAV. No denoising, EQ, pitch shift, or speed change applied.",7.829,"Extended for Chatterbox Turbo by repeating the original Kokoro sample with a 180 ms silent gap between passes. Final prompt is at least 8 seconds, safely above Turbo's >5 second requirement."
jf_gongitsune,Gongitsune,Japanese,ja-JP,Japanese,female,Japanese female Kokoro voice.,これは音声サンプルです。,Japanese/Gongitsune__jf_gongitsune.wav,24000,1,16,10.261,ef15f183f793f7df420c82284e80151e2d3f6ed20d2ac3ff425c30005b333004,digitaldrywood/ghostreel Kokoro voice gallery,Kokoro-82M via kokoro-onnx,"Gallery sample generated as WAV by Kokoro, published as mono 64 kbps MP3, then transcoded here to 24 kHz mono PCM16 WAV. No denoising, EQ, pitch shift, or speed change applied.",10.261,Original sample already exceeded 8 seconds; no extension was required.
jf_nezumi,Nezumi,Japanese,ja-JP,Japanese,female,Japanese female Kokoro voice.,これは音声サンプルです。,Japanese/Nezumi__jf_nezumi.wav,24000,1,16,11.115,df5513cdbfbd0f6328cfb7f85e72f436ae853d18a64320f5d8cd933b15d697b5,digitaldrywood/ghostreel Kokoro voice gallery,Kokoro-82M via kokoro-onnx,"Gallery sample generated as WAV by Kokoro, published as mono 64 kbps MP3, then transcoded here to 24 kHz mono PCM16 WAV. No denoising, EQ, pitch shift, or speed change applied.",11.115,Original sample already exceeded 8 seconds; no extension was required.
jf_tebukuro,Tebukuro,Japanese,ja-JP,Japanese,female,Japanese female Kokoro voice.,これは音声サンプルです。,Japanese/Tebukuro__jf_tebukuro.wav,24000,1,16,10.091,7e837b23b430554b79ee827966b2db7a624627aec956f80088aa7e6b46929162,digitaldrywood/ghostreel Kokoro voice gallery,Kokoro-82M via kokoro-onnx,"Gallery sample generated as WAV by Kokoro, published as mono 64 kbps MP3, then transcoded here to 24 kHz mono PCM16 WAV. No denoising, EQ, pitch shift, or speed change applied.",10.091,Original sample already exceeded 8 seconds; no extension was required.
jm_kumo,Kumo,Japanese,ja-JP,Japanese,male,Japanese male Kokoro voice.,これは音声サンプルです。,Japanese/Kumo__jm_kumo.wav,24000,1,16,8.064,62107615efcbab752557326931339c86e9f938c04c4c4e6aaa589eac85bece1d,digitaldrywood/ghostreel Kokoro voice gallery,Kokoro-82M via kokoro-onnx,"Gallery sample generated as WAV by Kokoro, published as mono 64 kbps MP3, then transcoded here to 24 kHz mono PCM16 WAV. No denoising, EQ, pitch shift, or speed change applied.",8.064,Original sample already exceeded 8 seconds; no extension was required.
pf_dora,Dora,Portuguese,pt-BR,Brazilian Portuguese,female,Brazilian Portuguese female Kokoro voice.,Esta é uma amostra da voz Kokoro. Escolha a voz que combina com a sua história.,Portuguese_Brazilian/Dora__pf_dora.wav,24000,1,16,8.713,1f36642752fde95e316266a221cabcce9b223925b3b86497a607a34f7dfb8802,digitaldrywood/ghostreel Kokoro voice gallery,Kokoro-82M via kokoro-onnx,"Gallery sample generated as WAV by Kokoro, published as mono 64 kbps MP3, then transcoded here to 24 kHz mono PCM16 WAV. No denoising, EQ, pitch shift, or speed change applied.",4.267,"Extended for Chatterbox Turbo by repeating the original Kokoro sample with a 180 ms silent gap between passes. Final prompt is at least 8 seconds, safely above Turbo's >5 second requirement."
pm_alex,Alex,Portuguese,pt-BR,Brazilian Portuguese,male,Brazilian Portuguese male Kokoro voice.,Esta é uma amostra da voz Kokoro. Escolha a voz que combina com a sua história.,Portuguese_Brazilian/Alex__pm_alex.wav,24000,1,16,8.585,d64c8fac0ea7cc7fba00ce79cc714d02b4a16abe60c7f0b47c92a98e53fe123c,digitaldrywood/ghostreel Kokoro voice gallery,Kokoro-82M via kokoro-onnx,"Gallery sample generated as WAV by Kokoro, published as mono 64 kbps MP3, then transcoded here to 24 kHz mono PCM16 WAV. No denoising, EQ, pitch shift, or speed change applied.",4.203,"Extended for Chatterbox Turbo by repeating the original Kokoro sample with a 180 ms silent gap between passes. Final prompt is at least 8 seconds, safely above Turbo's >5 second requirement."
pm_santa,Santa,Portuguese,pt-BR,Brazilian Portuguese,male,Brazilian Portuguese male Kokoro voice.,Esta é uma amostra da voz Kokoro. Escolha a voz que combina com a sua história.,Portuguese_Brazilian/Santa__pm_santa.wav,24000,1,16,8.969,87e98e446aedd880fd37aa52c71acdc4f0eaefd0d550dea51fd9d078debe14a5,digitaldrywood/ghostreel Kokoro voice gallery,Kokoro-82M via kokoro-onnx,"Gallery sample generated as WAV by Kokoro, published as mono 64 kbps MP3, then transcoded here to 24 kHz mono PCM16 WAV. No denoising, EQ, pitch shift, or speed change applied.",4.395,"Extended for Chatterbox Turbo by repeating the original Kokoro sample with a 180 ms silent gap between passes. Final prompt is at least 8 seconds, safely above Turbo's >5 second requirement."
zf_xiaobei,Xiaobei,Chinese,zh-CN,Mandarin Chinese,female,Mandarin Chinese female Kokoro voice.,这是一个语音示例。请选择适合您故事的声音。,Chinese_Simplified/Xiaobei__zf_xiaobei.wav,24000,1,16,11.828,e565a24f8e7ec9e8067fea3a873e5fb807bd1111228848edfc3cbcc43f05758f,digitaldrywood/ghostreel Kokoro voice gallery,Kokoro-82M via kokoro-onnx,"Gallery sample generated as WAV by Kokoro, published as mono 64 kbps MP3, then transcoded here to 24 kHz mono PCM16 WAV. No denoising, EQ, pitch shift, or speed change applied.",5.824,"Extended for Chatterbox Turbo by repeating the original Kokoro sample with a 180 ms silent gap between passes. Final prompt is at least 8 seconds, safely above Turbo's >5 second requirement."
zf_xiaoni,Xiaoni,Chinese,zh-CN,Mandarin Chinese,female,Mandarin Chinese female Kokoro voice.,这是一个语音示例。请选择适合您故事的声音。,Chinese_Simplified/Xiaoni__zf_xiaoni.wav,24000,1,16,8.671,ca71221cc5cb00cbff496775d5b2a5f7572c4458d6cc37db376e3de9219f135b,digitaldrywood/ghostreel Kokoro voice gallery,Kokoro-82M via kokoro-onnx,"Gallery sample generated as WAV by Kokoro, published as mono 64 kbps MP3, then transcoded here to 24 kHz mono PCM16 WAV. No denoising, EQ, pitch shift, or speed change applied.",4.245,"Extended for Chatterbox Turbo by repeating the original Kokoro sample with a 180 ms silent gap between passes. Final prompt is at least 8 seconds, safely above Turbo's >5 second requirement."
zf_xiaoxiao,Xiaoxiao,Chinese,zh-CN,Mandarin Chinese,female,Mandarin Chinese female Kokoro voice.,这是一个语音示例。请选择适合您故事的声音。,Chinese_Simplified/Xiaoxiao__zf_xiaoxiao.wav,24000,1,16,9.012,651fee6eaa6c8443e645ebd56c6373bcebdec601302f2ddd561b1ef2dbbe54b1,digitaldrywood/ghostreel Kokoro voice gallery,Kokoro-82M via kokoro-onnx,"Gallery sample generated as WAV by Kokoro, published as mono 64 kbps MP3, then transcoded here to 24 kHz mono PCM16 WAV. No denoising, EQ, pitch shift, or speed change applied.",4.416,"Extended for Chatterbox Turbo by repeating the original Kokoro sample with a 180 ms silent gap between passes. Final prompt is at least 8 seconds, safely above Turbo's >5 second requirement."
zf_xiaoyi,Xiaoyi,Chinese,zh-CN,Mandarin Chinese,female,Mandarin Chinese female Kokoro voice.,这是一个语音示例。请选择适合您故事的声音。,Chinese_Simplified/Xiaoyi__zf_xiaoyi.wav,24000,1,16,8.756,5410f636d5b1c2d24455f1f7cf4ce61c7180d6457341e297688bb521810c47a6,digitaldrywood/ghostreel Kokoro voice gallery,Kokoro-82M via kokoro-onnx,"Gallery sample generated as WAV by Kokoro, published as mono 64 kbps MP3, then transcoded here to 24 kHz mono PCM16 WAV. No denoising, EQ, pitch shift, or speed change applied.",4.288,"Extended for Chatterbox Turbo by repeating the original Kokoro sample with a 180 ms silent gap between passes. Final prompt is at least 8 seconds, safely above Turbo's >5 second requirement."
zm_yunjian,Yunjian,Chinese,zh-CN,Mandarin Chinese,male,Mandarin Chinese male Kokoro voice.,这是一个语音示例。请选择适合您故事的声音。,Chinese_Simplified/Yunjian__zm_yunjian.wav,24000,1,16,8.799,30bf1219b174758c58710bb0dcf5d5e997b2ba2128b7a18e6fe41ced14087ab4,digitaldrywood/ghostreel Kokoro voice gallery,Kokoro-82M via kokoro-onnx,"Gallery sample generated as WAV by Kokoro, published as mono 64 kbps MP3, then transcoded here to 24 kHz mono PCM16 WAV. No denoising, EQ, pitch shift, or speed change applied.",4.309,"Extended for Chatterbox Turbo by repeating the original Kokoro sample with a 180 ms silent gap between passes. Final prompt is at least 8 seconds, safely above Turbo's >5 second requirement."
zm_yunxi,Yunxi,Chinese,zh-CN,Mandarin Chinese,male,Mandarin Chinese male Kokoro voice.,这是一个语音示例。请选择适合您故事的声音。,Chinese_Simplified/Yunxi__zm_yunxi.wav,24000,1,16,8.244,233f5cb9eb361ab35514c76cf6ee17ddb8dad265126666c60b7623d97d6d442b,digitaldrywood/ghostreel Kokoro voice gallery,Kokoro-82M via kokoro-onnx,"Gallery sample generated as WAV by Kokoro, published as mono 64 kbps MP3, then transcoded here to 24 kHz mono PCM16 WAV. No denoising, EQ, pitch shift, or speed change applied.",4.032,"Extended for Chatterbox Turbo by repeating the original Kokoro sample with a 180 ms silent gap between passes. Final prompt is at least 8 seconds, safely above Turbo's >5 second requirement."
zm_yunxia,Yunxia,Chinese,zh-CN,Mandarin Chinese,male,Mandarin Chinese male Kokoro voice.,这是一个语音示例。请选择适合您故事的声音。,Chinese_Simplified/Yunxia__zm_yunxia.wav,24000,1,16,9.439,8ade32566f38de04d713d734fa0d591c8907a1ad29f8ece02c464d32096c0e48,digitaldrywood/ghostreel Kokoro voice gallery,Kokoro-82M via kokoro-onnx,"Gallery sample generated as WAV by Kokoro, published as mono 64 kbps MP3, then transcoded here to 24 kHz mono PCM16 WAV. No denoising, EQ, pitch shift, or speed change applied.",4.629,"Extended for Chatterbox Turbo by repeating the original Kokoro sample with a 180 ms silent gap between passes. Final prompt is at least 8 seconds, safely above Turbo's >5 second requirement."
zm_yunyang,Yunyang,Chinese,zh-CN,Mandarin Chinese,male,Mandarin Chinese male Kokoro voice.,这是一个语音示例。请选择适合您故事的声音。,Chinese_Simplified/Yunyang__zm_yunyang.wav,24000,1,16,8.073,822c8ffab4db225c83d1174f5071dc5aa3e9b8797550409f341ee0696691521b,digitaldrywood/ghostreel Kokoro voice gallery,Kokoro-82M via kokoro-onnx,"Gallery sample generated as WAV by Kokoro, published as mono 64 kbps MP3, then transcoded here to 24 kHz mono PCM16 WAV. No denoising, EQ, pitch shift, or speed change applied.",3.947,"Extended for Chatterbox Turbo by repeating the original Kokoro sample with a 180 ms silent gap between passes. Final prompt is at least 8 seconds, safely above Turbo's >5 second requirement."
